Execution ID,Query,Start time,Status,Run time,Data scanned,Query engine version used,Encryption
a4912bdd-c75b-4c48-b68d-44fb68ff53b3,"SELECT id, idade, limite_credito FROM clientes_exer01 WHERE sexo = 'M' ORDER BY idade DESC",2023-05-25T13:14:29.107-03:00,SUCCEEDED,470 ms,0.16 KB,Athena engine version 3,
c48fd52a-c378-43e8-826b-5cf58b59e58e,SELECT * FROM clientes_exer01,2023-05-25T13:13:23.927-03:00,SUCCEEDED,440 ms,0.16 KB,Athena engine version 3,
2642eb02-858e-46b4-8701-d5b3aa245e88,SELECT * FROM clientes,2023-05-25T13:13:11.866-03:00,SUCCEEDED,401 ms,1.04 KB,Athena engine version 3,
7d0312fb-5cf1-456e-a1ac-c9e9317e8efe,"SELECT sexo, AVG(idade) AS ""media_idade_por_sexo"" FROM clientes_exer01 GROUP BY sexo",2023-05-25T13:08:35.873-03:00,SUCCEEDED,665 ms,0.16 KB,Athena engine version 3,
324c70c4-311a-4bd2-b070-a0304a30d020,"CREATE EXTERNAL TABLE clientes_exer01 ( id BIGINT ,idade BIGINT ,sexo STRING ,dependentes BIGINT ,escolaridade STRING ,tipo_cartao STRING ,limite_credito DOUBLE ,valor_transacoes_12m DOUBLE ,qtd_transacoes_12m BIGINT ) ROW FORMAT SERDE 'org.apache.hadoop.hive.serde2.OpenCSVSerde' WITH SERDEPROPERTIES ( ""separatorChar"" = "","" ,""quoteChar"" = '""' ,""escapeChar"" = ""\\"" ) STORED AS TEXTFILE LOCATION 's3://bucket-ebac-dfurukawa/exerc_01/'",2023-05-25T13:07:40.659-03:00,SUCCEEDED,431 ms,0 MB,Athena engine version 3,
aea7f845-d8d5-4484-bca5-e8e775800f49,"SELECT sexo, AVG(idade) AS ""media_idade_por_sexo"" FROM clientes GROUP BY sexo",2023-05-25T13:03:38.558-03:00,SUCCEEDED,465 ms,1.04 KB,Athena engine version 3,
d26fc50e-a7d5-4c58-a29c-d5396c8e944b,"SELECT * FROM maestroclientes 
    join clientes on 1=1
where codigo_cliente_si = '0156180035' and codigo_pdv = '0100078645'",2023-05-25T10:42:26.178-03:00,SUCCEEDED,1.063 sec,18.86 MB,Athena engine version 3,
078c7266-2e86-4637-8386-937c07320582,"SELECT * FROM maestroclientes 
    join cliente on 1=1
where codigo_cliente_si = '0156180035' and codigo_pdv = '0100078645'",2023-05-25T10:42:17.845-03:00,FAILED,411 ms,0 MB,Athena engine version 3,
c3e3b6c2-ac9c-455d-b937-60dc62efe190,SELECT * FROM maestroclientes where codigo_cliente_si = '0156180035' and codigo_pdv = '0100078645',2023-05-25T10:31:51.413-03:00,SUCCEEDED,1.147 sec,18.86 MB,Athena engine version 3,
48326391-4241-4c24-a912-8c65a2b2d4c9,SELECT * FROM maestroclientes where codigo_cliente_si = '0156180035' --and codigo_pdv = '01075572',2023-05-25T10:31:23.816-03:00,SUCCEEDED,1.562 sec,18.86 MB,Athena engine version 3,
e4d7663a-2b04-4f7a-895f-869a18ce7011,SELECT * FROM maestroclientes where codigo_cliente_si = '0156180035' and codigo_pdv = '01075572',2023-05-25T10:31:16.727-03:00,SUCCEEDED,962 ms,18.86 MB,Athena engine version 3,
cfbb81db-dce6-4a8a-9918-f5d2ece558af,SELECT * FROM maestroclientes where codigo_cliente_si = '0156180035' and codigo_pdv = '1075572',2023-05-25T10:31:08.224-03:00,SUCCEEDED,1.045 sec,18.86 MB,Athena engine version 3,
11e82249-468e-46ac-8f47-fdf8ee0d98c7,SELECT * FROM maestroclientes where codigo_cliente_si = '0156180035' and codigo_pd = '1075572',2023-05-25T10:30:58.680-03:00,FAILED,140 ms,0 MB,Athena engine version 3,
7cd38731-6c3b-4960-8cc0-4cf171a9361c,SELECT * FROM maestroclientes where codigo_cliente_si = '0156180035',2023-05-25T10:30:28.430-03:00,SUCCEEDED,1.645 sec,18.86 MB,Athena engine version 3,
06350e8d-bfed-4b04-9df1-ab7897c6da1a,SELECT * FROM maestroclientes,2023-05-25T10:21:55.957-03:00,SUCCEEDED,1.496 sec,18.86 MB,Athena engine version 3,
db8be764-d3e3-48a0-b3c2-8948e13842bd,SELECT * FROM maestrocliente,2023-05-25T10:21:44.285-03:00,FAILED,328 ms,0 MB,Athena engine version 3,
280dd8ac-dedf-44c1-a8a5-37a8be01da5f,"SELECT * FROM ""db_dfuruka"".""maestroclientes"" limit 10",2023-05-25T10:19:43.431-03:00,SUCCEEDED,592 ms,744.94 KB,Athena engine version 3,
ff2ceee1-9c64-4970-aec6-03eb93500e90,"CREATE EXTERNAL TABLE db_dfuruka.maestroclientes ( Pais STRING ,Codigo_Cliente_SI STRING ,Descripcion_Cliente_SI STRING ,Codigo_Canal STRING ,Descripcion_Canal STRING ,Codigo_Subcanal STRING ,Descripcion_Subcanal STRING ,Codigo_Region STRING ,Descripcion_Region STRING ,Codigo_Subregion STRING ,Descripcion_Subregion STRING ,Codigo_Asesor STRING ,Nombre_Asesor STRING ,Codigo_PDV STRING ,Codigo_PDV_2 STRING ,codigo_ship_to STRING ,codigo_soldto STRING ,Cod_tipo_Identificacion STRING ,Tipo_de_identificacion STRING ,Identificacion STRING ,Nombre_PDV STRING ,Razon_Social_PDV STRING ,Nombre_Comercial_PDV STRING ,Codigo_Departamento STRING ,Descripcion_Departamento STRING ,Codigo_Ciudad STRING ,Descripcion_Ciudad STRING ,Descripcion_LocalidadCanton STRING ,Descripcion_BarrioDistrito STRING ,manzana STRING ,Direccion STRING ,Codigo_ZonaRuta STRING ,Descripcion_ZonaRuta STRING ,Sucursal STRING ,Estrato_Social STRING ,Nivel_Socio_Economico STRING ,Latitud STRING ,Longitud STRING ,telefono STRING ,celular STRING ,Whatsapp STRING ,Email STRING ,Contacto STRING ,Codigo_Tipo_de_Cliente_PDV STRING ,Descripcion_Tipo_de_Cliente_PDV STRING ,Codigo_Regimen_PDV STRING ,Descripcion_Regimen_PDV STRING ,Estado STRING ,motivo_inactivo STRING ,Codigo_Tipo_de_Negocio_PDV STRING ,Descripcion_Tipo_de_Negocio_PDV STRING ,Codigo_Cluster_PDV STRING ,Descripcion_Cluster_PDV STRING ,Creado_por STRING ,Creado STRING ,Ventas_Mondelez STRING ,ultima_venta_Mondelez STRING ,modificacion_del_Cliente STRING ,forma_pago_codigo STRING ,forma_pago_descripcion STRING ,Codigo_Termino_de_Pago STRING ,Descripcion_Termino_de_Pago STRING ,Codigo_Lista_de_Precios STRING ,Descripcion_Lista_de_Precios STRING ,Moneda STRING ,Moneda_Nombre STRING ) ROW FORMAT SERDE 'org.apache.hadoop.hive.serde2.OpenCSVSerde' WITH SERDEPROPERTIES ( ""separatorChar"" = "","" ,""quoteChar"" = '""' ,""escapeChar"" = ""\\"" ) STORED AS TEXTFILE LOCATION 's3://bucket-ebac-dfurukawa/maestroclientes'",2023-05-25T10:19:39.860-03:00,SUCCEEDED,385 ms,0 MB,Athena engine version 3,
0fdae43c-fb9c-4302-932f-be080813abce,"SELECT * FROM ""db_dfuruka"".""clientes"" limit 10",2023-05-25T10:18:17.772-03:00,SUCCEEDED,392 ms,1.04 KB,Athena engine version 3,
fdd7b9e7-a919-4088-8464-4006af3d884f,"CREATE EXTERNAL TABLE clientes ( id BIGINT ,idade BIGINT ,sexo STRING ,dependentes BIGINT ,escolaridade STRING ,tipo_cartao STRING ,limite_credito DOUBLE ,valor_transacoes_12m DOUBLE ,qtd_transacoes_12m BIGINT ) ROW FORMAT SERDE 'org.apache.hadoop.hive.serde2.OpenCSVSerde' WITH SERDEPROPERTIES ( ""separatorChar"" = "","" ,""quoteChar"" = '""' ,""escapeChar"" = ""\\"" ) STORED AS TEXTFILE LOCATION 's3://bucket-ebac-dfurukawa/clientes'",2023-05-25T10:18:13.840-03:00,SUCCEEDED,382 ms,0 MB,Athena engine version 3,
d3b129af-cd07-4d54-9814-1544f7221f1a,DROP TABLE `clientes`,2023-05-25T10:18:06.450-03:00,SUCCEEDED,574 ms,0 MB,Athena engine version 3,
aa1e306b-be2b-4bde-8f05-ff6ee76ff09d,"SELECT * FROM ""default"".""clientes"" limit 10",2023-05-25T10:14:02.288-03:00,SUCCEEDED,496 ms,1.04 KB,Athena engine version 3,
a3cc781c-b6cf-45ab-85df-e8fffdff5679,"CREATE EXTERNAL TABLE clientes ( id BIGINT ,idade BIGINT ,sexo STRING ,dependentes BIGINT ,escolaridade STRING ,tipo_cartao STRING ,limite_credito DOUBLE ,valor_transacoes_12m DOUBLE ,qtd_transacoes_12m BIGINT ) ROW FORMAT SERDE 'org.apache.hadoop.hive.serde2.OpenCSVSerde' WITH SERDEPROPERTIES ( ""separatorChar"" = "","" ,""quoteChar"" = '""' ,""escapeChar"" = ""\\"" ) STORED AS TEXTFILE LOCATION 's3://bucket-ebac-dfurukawa/clientes'",2023-05-25T10:13:55.628-03:00,SUCCEEDED,364 ms,0 MB,Athena engine version 3,
aa680cdd-8b6d-4d43-9086-93b8917d0b53,DROP TABLE `clientes`,2023-05-25T10:10:36.238-03:00,SUCCEEDED,642 ms,0 MB,Athena engine version 3,
088b7d35-31ba-486c-8456-063a39117ed9,"SELECT * FROM ""default"".""clientes"" limit 10",2023-05-25T10:07:44.158-03:00,FAILED,303 ms,0 MB,Athena engine version 3,
527f70d0-2457-4d46-9481-f862bdca0410,"CREATE EXTERNAL TABLE clientes ( id BIGINT ,idade BIGINT ,sexo STRING ,dependentes BIGINT ,escolaridade STRING ,tipo_cartao STRING ,limite_credito DOUBLE ,valor_transacoes_12m DOUBLE ,qtd_transacoes_12m BIGINT ) STORED AS PARQUET LOCATION 's3://bucket-ebac-dfurukawa/clientes' TBLPROPERTIES (""parquet.compression""=""SNAPPY"")",2023-05-25T10:07:40.027-03:00,SUCCEEDED,386 ms,0 MB,Athena engine version 3,
c7aab352-da90-414f-8553-48846169d4b2,DROP TABLE `clientes`,2023-05-25T10:06:52.941-03:00,SUCCEEDED,577 ms,0 MB,Athena engine version 3,
4dfa869d-c83f-4404-8192-252e035f5b6a,"SELECT * FROM ""default"".""clientes"" limit 10",2023-05-25T10:04:38.270-03:00,FAILED,286 ms,0 MB,Athena engine version 3,
6bbf1223-b0d7-4f02-a6f2-2db88e7330be,"CREATE EXTERNAL TABLE clientes ( id BIGINT ,idade BIGINT ,sexo STRING ,dependentes BIGINT ,escolaridade STRING ,tipo_cartao STRING ,limite_credito DOUBLE ,valor_transacoes_12m DOUBLE ,qtd_transacoes_12m BIGINT ) ROW FORMAT SERDE 'org.apache.hadoop.hive.ql.io.parquet.serde.ParquetHiveSerDe' WITH SERDEPROPERTIES ( 'separatorChar' = ',' ,'quoteChar' = '""' ,'escapeChar' = '\\' ) STORED AS PARQUET LOCATION 's3://bucket-ebac-dfurukawa/clientes' TBLPROPERTIES (""parquet.compression""=""SNAPPY"")",2023-05-25T10:04:33.621-03:00,SUCCEEDED,363 ms,0 MB,Athena engine version 3,
a691516a-a58f-4151-b498-5f693bf21636,DROP TABLE `clientes`,2023-05-25T10:04:00.017-03:00,SUCCEEDED,588 ms,0 MB,Athena engine version 3,
04416bb6-17c0-4f50-9cde-a6177fed3d14,"SELECT * FROM ""default"".""clientes"" limit 10",2023-05-25T10:01:33.206-03:00,FAILED,269 ms,0 MB,Athena engine version 3,
925cb026-683f-4b61-854e-6ff238ee83d3,"CREATE EXTERNAL TABLE clientes ( id BIGINT ,idade BIGINT ,sexo STRING ,dependentes BIGINT ,escolaridade STRING ,tipo_cartao STRING ,limite_credito DOUBLE ,valor_transacoes_12m DOUBLE ,qtd_transacoes_12m BIGINT ) ROW FORMAT SERDE 'org.apache.hadoop.hive.ql.io.parquet.serde.ParquetHiveSerDe' WITH SERDEPROPERTIES ( 'separatorChar' = ',' ,'quoteChar' = '""' ,'escapeChar' = '\\' ) STORED AS PARQUET LOCATION 's3://bucket-ebac-dfurukawa/clientes' TBLPROPERTIES ('classification' = 'parquet')",2023-05-25T10:01:27.065-03:00,SUCCEEDED,376 ms,0 MB,Athena engine version 3,
331216ea-e278-46fc-9402-7bf34685c665,DROP TABLE `clientes`,2023-05-25T10:01:10.627-03:00,SUCCEEDED,652 ms,0 MB,Athena engine version 3,
d2928e53-b762-41c0-abd1-cd5e06fc1036,"SELECT * FROM ""default"".""clientes"" limit 10",2023-05-25T10:00:56.422-03:00,FAILED,471 ms,0 MB,Athena engine version 3,
4349d0c6-2ae1-43d0-8221-9d5047644d1b,"CREATE EXTERNAL TABLE clientes ( id BIGINT ,idade BIGINT ,sexo STRING ,dependentes BIGINT ,escolaridade STRING ,tipo_cartao STRING ,limite_credito DOUBLE ,valor_transacoes_12m DOUBLE ,qtd_transacoes_12m BIGINT ) ROW FORMAT SERDE 'org.apache.hadoop.hive.ql.io.parquet.serde.ParquetHiveSerDe' WITH SERDEPROPERTIES ( 'separatorChar' = ',' ,'quoteChar' = '""' ,'escapeChar' = '\\' ) STORED AS PARQUET LOCATION 's3://bucket-ebac-dfurukawa/clientes'",2023-05-25T10:00:45.610-03:00,FAILED,602 ms,0 MB,Athena engine version 3,
ac79a61a-72ac-474b-9766-9acc16fc66b2,"CREATE EXTERNAL TABLE clientes ( id BIGINT ,idade BIGINT ,sexo STRING ,dependentes BIGINT ,escolaridade STRING ,tipo_cartao STRING ,limite_credito DOUBLE ,valor_transacoes_12m DOUBLE ,qtd_transacoes_12m BIGINT ) ROW FORMAT SERDE 'org.apache.hadoop.hive.ql.io.parquet.serde.ParquetHiveSerDe' WITH SERDEPROPERTIES ( 'separatorChar' = ',' ,'quoteChar' = '""' ,'escapeChar' = '\\' ) STORED AS TEXTFILE LOCATION 's3://bucket-ebac-dfurukawa/clientes'",2023-05-25T09:59:16.376-03:00,SUCCEEDED,353 ms,0 MB,Athena engine version 3,
bd445fb2-ef45-4761-b844-2e0cdbb54a00,"CREATE EXTERNAL TABLE clientes ( id BIGINT ,idade BIGINT ,sexo STRING ,dependentes BIGINT ,escolaridade STRING ,tipo_cartao STRING ,limite_credito DOUBLE ,valor_transacoes_12m DOUBLE ,qtd_transacoes_12m BIGINT ) ROW FORMAT SERDE 'org.apache.hadoop.hive.ql.io.parquet.serde2.openCSVSerde' WITH SERDEPROPERTIES ( 'separatorChar' = ',' ,'quoteChar' = '""' ,'escapeChar' = '\\' ) STORED AS TEXTFILE LOCATION 's3://bucket-ebac-dfurukawa/clientes'",2023-05-25T09:58:53.177-03:00,FAILED,484 ms,0 MB,Athena engine version 3,
6039fe2c-7e9a-4dc7-b47f-131443aaf2d2,"CREATE EXTERNAL TABLE clientes ( id BIGINT ,idade BIGINT ,sexo STRING ,dependentes BIGINT ,escolaridade STRING ,tipo_cartao STRING ,limite_credito DOUBLE ,valor_transacoes_12m DOUBLE ,qtd_transacoes_12m BIGINT ) ROW FORMAT SERDE 'org.apache.hadoop.hive.ql.io.parquet.serde.serde2.openCSVSerde' WITH SERDEPROPERTIES ( 'separatorChar' = ',' ,'quoteChar' = '""' ,'escapeChar' = '\\' ) STORED AS TEXTFILE LOCATION 's3://bucket-ebac-dfurukawa/clientes'",2023-05-25T09:58:42.259-03:00,FAILED,386 ms,0 MB,Athena engine version 3,
947dd855-9c47-4f02-9837-ac4225251c7f,DROP TABLE `clientes`,2023-05-25T09:52:49.071-03:00,SUCCEEDED,630 ms,0 MB,Athena engine version 3,
4b4a908b-f52b-426c-917e-e3f9acd17cde,"SELECT * FROM ""default"".""clientes"" limit 10",2023-05-25T09:47:26.166-03:00,FAILED,235 ms,0 MB,Athena engine version 3,
29a2d9a6-5807-4547-9e5a-f25a63a881aa,"CREATE EXTERNAL TABLE clientes ( id BIGINT ,idade BIGINT ,sexo STRING ,dependentes BIGINT ,escolaridade STRING ,tipo_cartao STRING ,limite_credito DOUBLE ,valor_transacoes_12m DOUBLE ,qtd_transacoes_12m BIGINT ) ROW FORMAT SERDE 'org.apache.hadoop.hive.ql.io.parquet.serde.ParquetHiveSerDe' WITH SERDEPROPERTIES ( 'separatorChar' = ',' ,'quoteChar' = '""' ,'escapeChar' = '\\' ) LOCATION 's3://bucket-ebac-dfurukawa/clientes'",2023-05-25T09:47:22.093-03:00,SUCCEEDED,378 ms,0 MB,Athena engine version 3,
cc3cc2f2-e775-456d-93aa-ee5015e02bd4,DROP TABLE `clientes`,2023-05-25T09:47:13.885-03:00,SUCCEEDED,597 ms,0 MB,Athena engine version 3,
dd915b7f-db85-486c-b413-ba443702befa,"CREATE EXTERNAL TABLE clientes ( id BIGINT ,idade BIGINT ,sexo STRING ,dependentes BIGINT ,escolaridade STRING ,tipo_cartao STRING ,limite_credito DOUBLE ,valor_transacoes_12m DOUBLE ,qtd_transacoes_12m BIGINT ) ROW FORMAT SERDE 'org.apache.hadoop.hive.ql.io.parquet.serde.ParquetHiveSerDe' WITH SERDEPROPERTIES ( 'separatorChar' = ',' ,'quoteChar' = '""' ,'escapeChar' = '\\' ) LOCATION 's3://bucket-ebac-dfurukawa/clientes'",2023-05-25T09:46:32.702-03:00,FAILED,557 ms,0 MB,Athena engine version 3,
7074a427-8085-4605-bfab-907f00e3cb42,DROP TABLE `clientes`,2023-05-25T09:45:18.045-03:00,SUCCEEDED,646 ms,0 MB,Athena engine version 3,
d14ba658-ee78-412e-a72d-5318612df0a5,SELECT * FROM clientes limit 10,2023-05-25T09:44:25.643-03:00,FAILED,309 ms,0 MB,Athena engine version 3,
cbd6ad97-9610-480c-bace-34ecd907354b,"SELECT * FROM ""db_dfuruka"".""clientes"" limit 10",2023-05-25T09:43:31.021-03:00,FAILED,274 ms,0 MB,Athena engine version 3,
9ca6a780-c6ac-4683-9ade-a80a71e90969,"CREATE EXTERNAL TABLE clientes ( id BIGINT ,idade BIGINT ,sexo STRING ,dependentes BIGINT ,escolaridade STRING ,tipo_cartao STRING ,limite_credito DOUBLE ,valor_transacoes_12m DOUBLE ,qtd_transacoes_12m BIGINT ) ROW FORMAT SERDE 'org.apache.hadoop.hive.ql.io.parquet.serde.ParquetHiveSerDe' WITH SERDEPROPERTIES ( 'separatorChar' = ',' ,'quoteChar' = '""' ,'escapeChar' = '\\' ) LOCATION 's3://bucket-ebac-dfurukawa/clientes'",2023-05-25T09:43:24.609-03:00,SUCCEEDED,325 ms,0 MB,Athena engine version 3,
7ebc5ccc-526e-4108-8e3a-965d3e983dd0,"CREATE EXTERNAL TABLE clientes ( id BIGINT ,idade BIGINT ,sexo STRING ,dependentes BIGINT ,escolaridade STRING ,tipo_cartao STRING ,limite_credito DOUBLE ,valor_transacoes_12m DOUBLE ,qtd_transacoes_12m BIGINT ) ROW FORMAT SERDE 'org.apache.hadoop.hive.serde2.openCSVSerde' WITH SERDEPROPERTIES ( 'separatorChar' = ',' ,'quoteChar' = '""' ,'escapeChar' = '\\' ) STORED AS TEXTFILE LOCATION 's3://bucket-ebac-dfurukawa/clientes'",2023-05-25T09:34:19.813-03:00,FAILED,396 ms,0 MB,Athena engine version 3,
abd47fef-67e3-4c3c-8c0c-a08a63904436,DROP TABLE `clientes`,2023-05-25T09:34:05.239-03:00,SUCCEEDED,625 ms,0 MB,Athena engine version 3,
17a324ea-5abb-4aca-8cfc-ed78fe57e725,"SELECT * FROM ""db_dfuruka"".""clientes"" limit 10",2023-05-25T09:33:06.547-03:00,FAILED,271 ms,0 MB,Athena engine version 3,
072c083b-3299-4700-b169-0b13538d05c0,"CREATE EXTERNAL TABLE clientes ( id BIGINT ,idade BIGINT ,sexo STRING ,dependentes BIGINT ,escolaridade STRING ,tipo_cartao STRING ,limite_credito DOUBLE ,valor_transacoes_12m DOUBLE ,qtd_transacoes_12m BIGINT ) ROW FORMAT SERDE 'org.apache.hadoop.hive.ql.io.parquet.serde.ParquetHiveSerDe' WITH SERDEPROPERTIES ( 'separatorChar' = ',' ,'quoteChar' = '""' ,'escapeChar' = '\\' ) STORED AS TEXTFILE LOCATION 's3://bucket-ebac-dfurukawa/clientes'",2023-05-25T09:33:03.074-03:00,SUCCEEDED,388 ms,0 MB,Athena engine version 3,
70865ee4-7384-47a0-bf5b-94506c00e4d8,DROP TABLE `clientes`,2023-05-25T09:32:43.670-03:00,SUCCEEDED,495 ms,0 MB,Athena engine version 3,
d683474a-32ac-4c20-a62e-66ce5b4c599b,"SELECT * FROM ""db_dfuruka"".""clientes"" limit 10",2023-05-25T09:32:17.643-03:00,FAILED,296 ms,0 MB,Athena engine version 3,
4c06b5f4-a2bd-4af1-9735-a4fc23f9687a,"CREATE EXTERNAL TABLE clientes ( id BIGINT ,idade BIGINT ,sexo STRING ,dependentes BIGINT ,escolaridade STRING ,tipo_cartao STRING ,limite_credito DOUBLE ,valor_transacoes_12m DOUBLE ,qtd_transacoes_12m BIGINT ) ROW FORMAT SERDE 'org.apache.hadoop.hive.ql.io.parquet.serde.ParquetHiveSerDe' WITH SERDEPROPERTIES ( 'separatorChar' = ',' ,'quoteChar' = '""' ,'escapeChar' = '\\' ) STORED AS TEXTFILE LOCATION 's3://bucket-ebac-dfurukawa/clientes' TBLPROPERTIES ('classification' = 'parquet')",2023-05-25T09:32:12.850-03:00,SUCCEEDED,349 ms,0 MB,Athena engine version 3,
178e2acb-dda9-42c3-a16f-58d7b2e6a975,DROP TABLE `maestroclientes`,2023-05-25T09:31:55.788-03:00,SUCCEEDED,641 ms,0 MB,Athena engine version 3,
869a8805-cb5e-413d-a9e6-36b89687b85e,DROP TABLE `cliente`,2023-05-25T09:31:43.529-03:00,SUCCEEDED,629 ms,0 MB,Athena engine version 3,
6852efb8-9d4d-4eb1-b1fd-aefaba3eaeda,SELECT pais FROM db_dfuruka.maestroclientes,2023-05-25T09:30:04.759-03:00,FAILED,452 ms,0 MB,Athena engine version 3,
788b3b44-6424-4b29-94da-4c1eb7ea7cb7,SELECT * FROM db_dfuruka.maestroclientes,2023-05-25T09:29:38.351-03:00,FAILED,462 ms,0 MB,Athena engine version 3,
d7fa047a-46c8-4bdc-a395-873c5e004243,SELECT * FROM db_dfuruka.cliente,2023-05-25T09:28:28.015-03:00,FAILED,263 ms,0 MB,Athena engine version 3,
5ca251ba-264f-4e82-8a30-ab373c78be30,"CREATE EXTERNAL TABLE IF NOT EXISTS `clientes` ( `id` bigint, `idade` bigint, `sexo` string, `dependentes` bigint, `escolaridade` string, `tipo_cartao` string, `limite_credito` double, `valor_transacoes_12m` double, `qtd_transacoes_12m` bigint ) ROW FORMAT SERDE 'org.apache.hadoop.hive.ql.io.parquet.serde.ParquetHiveSerDe' STORED AS INPUTFORMAT 'org.apache.hadoop.hive.ql.io.parquet.MapredParquetInputFormat' OUTPUTFORMAT 'org.apache.hadoop.hive.ql.io.parquet.MapredParquetOutputFormat' LOCATION 's3://bucket-ebac-dfurukawa/clientes/' TBLPROPERTIES ('classification' = 'parquet')",2023-05-25T09:27:16.431-03:00,SUCCEEDED,388 ms,0 MB,Athena engine version 3,
d36df8f3-5ce8-46c9-968a-b82a78086f3b,"CREATE EXTERNAL TABLE clientes ( id BIGINT ,idade BIGINT ,sexo STRING ,dependentes BIGINT ,escolaridade STRING ,tipo_cartao STRING ,limite_credito DOUBLE ,valor_transacoes_12m DOUBLE ,qtd_transacoes_12m BIGINT ) ROW FORMAT SERDE 'org.apache.hadoop.hive.ql.io.parquet.serde.ParquetHiveSerDe' STORED AS INPUTFORMAT 'org.apache.hadoop.hive.ql.io.parquet.MapredParquetInputFormat' OUTPUTFORMAT 'org.apache.hadoop.hive.ql.io.parquet.MapredParquetOutputFormat' LOCATION 's3://bucket-ebac-dfurukawa/clientes/' TBLPROPERTIES ('classification' = 'parquet')",2023-05-25T09:26:50.254-03:00,FAILED,575 ms,0 MB,Athena engine version 3,
74f4ec90-24f2-4c65-a0fe-dab4fab9065f,SELECT * FROM cliente limit 10,2023-05-25T09:25:55.720-03:00,FAILED,359 ms,0 MB,Athena engine version 3,
c2e90cd9-a395-4fd8-b328-f53cfea5bca0,"SELECT * FROM ""db_dfuruka"".""cliente"" limit 10",2023-05-25T09:25:25.600-03:00,FAILED,272 ms,0 MB,Athena engine version 3,
ca707de3-bbfa-4dfa-b86c-9ba8bec2a963,"SELECT * FROM ""db_dfuruka"".""maestroclientes"" limit 10",2023-05-25T09:25:17.157-03:00,FAILED,357 ms,0 MB,Athena engine version 3,
c6486575-9fe6-45b5-bfde-4b7e9918f828,"CREATE EXTERNAL TABLE db_dfuruka.maestroclientes ( Pais STRING ,Codigo_Cliente_SI STRING ,Descripcion_Cliente_SI STRING ,Codigo_Canal STRING ,Descripcion_Canal STRING ,Codigo_Subcanal STRING ,Descripcion_Subcanal STRING ,Codigo_Region STRING ,Descripcion_Region STRING ,Codigo_Subregion STRING ,Descripcion_Subregion STRING ,Codigo_Asesor STRING ,Nombre_Asesor STRING ,Codigo_PDV STRING ,Codigo_PDV_2 STRING ,codigo_ship_to STRING ,codigo_soldto STRING ,Cod_tipo_Identificacion STRING ,Tipo_de_identificacion STRING ,Identificacion STRING ,Nombre_PDV STRING ,Razon_Social_PDV STRING ,Nombre_Comercial_PDV STRING ,Codigo_Departamento STRING ,Descripcion_Departamento STRING ,Codigo_Ciudad STRING ,Descripcion_Ciudad STRING ,Descripcion_LocalidadCanton STRING ,Descripcion_BarrioDistrito STRING ,manzana STRING ,Direccion STRING ,Codigo_ZonaRuta STRING ,Descripcion_ZonaRuta STRING ,Sucursal STRING ,Estrato_Social STRING ,Nivel_Socio_Economico STRING ,Latitud STRING ,Longitud STRING ,telefono STRING ,celular STRING ,Whatsapp STRING ,Email STRING ,Contacto STRING ,Codigo_Tipo_de_Cliente_PDV STRING ,Descripcion_Tipo_de_Cliente_PDV STRING ,Codigo_Regimen_PDV STRING ,Descripcion_Regimen_PDV STRING ,Estado STRING ,motivo_inactivo STRING ,Codigo_Tipo_de_Negocio_PDV STRING ,Descripcion_Tipo_de_Negocio_PDV STRING ,Codigo_Cluster_PDV STRING ,Descripcion_Cluster_PDV STRING ,Creado_por STRING ,Creado STRING ,Ventas_Mondelez STRING ,ultima_venta_Mondelez STRING ,modificacion_del_Cliente STRING ,forma_pago_codigo STRING ,forma_pago_descripcion STRING ,Codigo_Termino_de_Pago STRING ,Descripcion_Termino_de_Pago STRING ,Codigo_Lista_de_Precios STRING ,Descripcion_Lista_de_Precios STRING ,Moneda STRING ,Moneda_Nombre STRING ) ROW FORMAT SERDE 'org.apache.hadoop.hive.ql.io.parquet.serde.ParquetHiveSerDe' STORED AS INPUTFORMAT 'org.apache.hadoop.hive.ql.io.parquet.MapredParquetInputFormat' OUTPUTFORMAT 'org.apache.hadoop.hive.ql.io.parquet.MapredParquetOutputFormat' LOCATION 's3://bucket-ebac-dfurukawa/maestroclientes/' TBLPROPERTIES ('classification' = 'parquet')",2023-05-25T09:21:15.003-03:00,SUCCEEDED,389 ms,0 MB,Athena engine version 3,
784a6fbb-8750-414d-bd34-a8115d4f3800,"CREATE EXTERNAL TABLE IF NOT EXISTS `db_dfuruka`.`cliente` ( `id` bigint, `idade` bigint, `sexo` string, `dependentes` bigint, `escolaridade` string, `tipo_cartao` string, `limite_credito` double, `valor_transacoes_12m` double, `qtd_transacoes_12m` bigint
)
ROW FORMAT SERDE 'org.apache.hadoop.hive.ql.io.parquet.serde.ParquetHiveSerDe'
STORED AS INPUTFORMAT 'org.apache.hadoop.hive.ql.io.parquet.MapredParquetInputFormat' OUTPUTFORMAT 'org.apache.hadoop.hive.ql.io.parquet.MapredParquetOutputFormat'
LOCATION 's3://bucket-ebac-dfurukawa/clientes/'
TBLPROPERTIES ('classification' = 'parquet')",2023-05-25T09:13:41.864-03:00,SUCCEEDED,390 ms,0 MB,Athena engine version 3,
5b074600-9ce3-4016-ade8-0368fb09cb30,CREATE DATABASE `db_dfuruka`,2023-05-25T09:13:41.272-03:00,SUCCEEDED,232 ms,0 MB,Athena engine version 3,
66c217f4-df57-41a3-ab61-0a305fd35edb,"CREATE EXTERNAL TABLE clientes ( id BIGINT ,idade BIGINT ,sexo STRING ,dependentes BIGINT ,escolaridade STRING ,tipo_cartao STRING ,limite_credito DOUBLE ,valor_transacoes_12m DOUBLE ,qtd_transacoes_12m BIGINT ) ROW FORMAT SERDE 'org.apache.hadoop.hive.serde2.openCSVSerde' WITH SERDEPROPERTIES ( 'separatorChar' = ',' ,'quoteChar' = '""' ,'escapeChar' = '\\' ) STORED AS TEXTFILE LOCATION 's3://bucket-ebac-dfurukawa/clientes'",2023-05-25T09:11:36.406-03:00,FAILED,406 ms,0 MB,Athena engine version 3,
cdeae8a6-cc5e-4e8a-b5e4-1d1098cf57a8,"CREATE EXTERNAL TABLE clientes ( id BIGINT ,idade BIGINT ,sexo STRING ,dependentes BIGINT ,escolaridade STRING ,tipo_cartao STRING ,limite_credito DOUBLE ,valor_transacoes_12m DOUBLE ,qtd_transacoes_12m BIGINT ) ROW FORMAT SERDE 'org.apache.hadoop.hive.serde2.openCSVSerde' WITH SERDEPROPERTIES ( 'separatorChar' = ';' ,'quoteChar' = '""' ,'escapeChar' = '\\' ) STORED AS TEXTFILE LOCATION 's3://bucket-ebac-dfurukawa/clientes'",2023-05-25T09:11:27.896-03:00,FAILED,340 ms,0 MB,Athena engine version 3,
c879d407-8dbd-4717-a9f8-b67c1ff43f26,"CREATE EXTERNAL TABLE clientes ( Pais STRING ,Codigo_Cliente_SI STRING ,Descripcion_Cliente_SI STRING ,Codigo_Canal STRING ,Descripcion_Canal STRING ,Codigo_Subcanal STRING ,Descripcion_Subcanal STRING ,Codigo_Region STRING ,Descripcion_Region STRING ,Codigo_Subregion STRING ,Descripcion_Subregion STRING ,Codigo_Asesor STRING ,Nombre_Asesor STRING ,Codigo_PDV STRING ,Codigo_PDV_2 STRING ,codigo_ship_to STRING ,codigo_soldto STRING ,Cod_tipo_Identificacion STRING ,Tipo_de_identificacion STRING ,Identificacion STRING ,Nombre_PDV STRING ,Razon_Social_PDV STRING ,Nombre_Comercial_PDV STRING ,Codigo_Departamento STRING ,Descripcion_Departamento STRING ,Codigo_Ciudad STRING ,Descripcion_Ciudad STRING ,Descripcion_LocalidadCanton STRING ,Descripcion_BarrioDistrito STRING ,manzana STRING ,Direccion STRING ,Codigo_ZonaRuta STRING ,Descripcion_ZonaRuta STRING ,Sucursal STRING ,Estrato_Social STRING ,Nivel_Socio_Economico STRING ,Latitud STRING ,Longitud STRING ,telefono STRING ,celular STRING ,Whatsapp STRING ,Email STRING ,Contacto STRING ,Codigo_Tipo_de_Cliente_PDV STRING ,Descripcion_Tipo_de_Cliente_PDV STRING ,Codigo_Regimen_PDV STRING ,Descripcion_Regimen_PDV STRING ,Estado STRING ,motivo_inactivo STRING ,Codigo_Tipo_de_Negocio_PDV STRING ,Descripcion_Tipo_de_Negocio_PDV STRING ,Codigo_Cluster_PDV STRING ,Descripcion_Cluster_PDV STRING ,Creado_por STRING ,Creado STRING ,Ventas_Mondelez STRING ,ultima_venta_Mondelez STRING ,modificacion_del_Cliente STRING ,forma_pago_codigo STRING ,forma_pago_descripcion STRING ,Codigo_Termino_de_Pago STRING ,Descripcion_Termino_de_Pago STRING ,Codigo_Lista_de_Precios STRING ,Descripcion_Lista_de_Precios STRING ,Moneda STRING ,Moneda_Nombre STRING ) ROW FORMAT SERDE 'org.apache.hadoop.hive.serde2.openCSVSerde' WITH SERDEPROPERTIES ( 'separatorChar' = ',' ,'quoteChar' = '""' ,'escapeChar' = '\\' ) STORED AS TEXTFILE LOCATION 's3://s3://bucket-ebac-dfurukawa/clientes'",2023-05-25T09:04:10.359-03:00,FAILED,0 sec,0 MB,Athena engine version 3,
36aea053-7255-4748-b7be-0a32a3ce3c5e,"CREATE EXTERNAL TABLE clientes ( Pais STRING ,Codigo_Cliente_SI STRING ,Descripcion_Cliente_SI STRING ,Codigo_Canal STRING ,Descripcion_Canal STRING ,Codigo_Subcanal STRING ,Descripcion_Subcanal STRING ,Codigo_Region STRING ,Descripcion_Region STRING ,Codigo_Subregion STRING ,Descripcion_Subregion STRING ,Codigo_Asesor STRING ,Nombre_Asesor STRING ,Codigo_PDV STRING ,Codigo_PDV_2 STRING ,codigo_ship_to STRING ,codigo_soldto STRING ,Cod_tipo_Identificacion STRING ,Tipo_de_identificacion STRING ,Identificacion STRING ,Nombre_PDV STRING ,Razon_Social_PDV STRING ,Nombre_Comercial_PDV STRING ,Codigo_Departamento STRING ,Descripcion_Departamento STRING ,Codigo_Ciudad STRING ,Descripcion_Ciudad STRING ,Descripcion_LocalidadCanton STRING ,Descripcion_BarrioDistrito STRING ,manzana STRING ,Direccion STRING ,Codigo_ZonaRuta STRING ,Descripcion_ZonaRuta STRING ,Sucursal STRING ,Estrato_Social STRING ,Nivel_Socio_Economico STRING ,Latitud STRING ,Longitud STRING ,telefono STRING ,celular STRING ,Whatsapp STRING ,Email STRING ,Contacto STRING ,Codigo_Tipo_de_Cliente_PDV STRING ,Descripcion_Tipo_de_Cliente_PDV STRING ,Codigo_Regimen_PDV STRING ,Descripcion_Regimen_PDV STRING ,Estado STRING ,motivo_inactivo STRING ,Codigo_Tipo_de_Negocio_PDV STRING ,Descripcion_Tipo_de_Negocio_PDV STRING ,Codigo_Cluster_PDV STRING ,Descripcion_Cluster_PDV STRING ,Creado_por STRING ,Creado STRING ,Ventas_Mondelez STRING ,ultima_venta_Mondelez STRING ,modificacion_del_Cliente STRING ,forma_pago_codigo STRING ,forma_pago_descripcion STRING ,Codigo_Termino_de_Pago STRING ,Descripcion_Termino_de_Pago STRING ,Codigo_Lista_de_Precios STRING ,Descripcion_Lista_de_Precios STRING ,Moneda STRING ,Moneda_Nombre STRING ) ROW FORMAT SERDE 'org.apache.hadoop.hive.serde2.openCSVSerde' WITH SERDEPROPERTIES ( 'separatorChar' = ',' ,'quoteChar' = '""' ,'escapeChar' = '\\' ) STORED AS TEXTFILE LOCATION 's3://bkt-ebac-table-clientes/'",2023-05-25T08:42:33.352-03:00,FAILED,435 ms,0 MB,Athena engine version 3,
9c9bbcb1-6cd4-4168-9001-15ac74bbe13e,"CREATE EXTERNAL TABLE clientes ( id BIGINT ,idade BIGINT ,sexo STRING ,dependentes BIGINT ,escolaridade STRING ,tipo_cartao STRING ,limite_credito DOUBLE ,valor_transacoes_12m DOUBLE ,qtd_transacoes_12m BIGINT ) ROW FORMAT SERDE 'org.apache.hadoop.hive.serde2.openCSVSerde' WITH SERDEPROPERTIES ( 'separatorChar' = ';' ,'quoteChar' = '""' ,'escapeChar' = '\\' ) STORED AS TEXTFILE LOCATION 's3://bkt-ebac-table-clientes/'",2023-05-25T08:33:35.262-03:00,FAILED,390 ms,0 MB,Athena engine version 3,
59cc2cff-b993-450e-a78b-7ee4eaea1f8e,"CREATE EXTERNAL TABLE clientes ( id BIGINT, idade BIGINT, sexo STRING, dependentes BIGINT, escolaridade STRING, tipo_cartao STRING, limite_credito DOUBLE, valor_transacoes_12m DOUBLE, qtd_transacoes_12m BIGINT ) ROW FORMAT SERDE 'org.apache.hadoop.hive.serde2.openCSVSerde' WITH SERDEPROPERTIES ( 'separatorChar' = ',' ,'quoteChar' = '""' ,'escapeChar' = '\\' ) STORED AS TEXTFILE LOCATION 's3://bkt-ebac-table-clientes/'",2023-05-24T09:46:47.749-03:00,FAILED,406 ms,0 MB,Athena engine version 3,
911cc2ef-efaf-4ad7-9033-757b68e8ddfb,"CREATE EXTERNAL TABLE clientes ( id BIGINT, idade BIGINT, sexo STRING, dependentes BIGINT, escolaridade STRING, tipo_cartao STRING, limite_credito DOUBLE, valor_transacoes_12m DOUBLE, qtd_transacoes_12m BIGINT ) ROW FORMAT SERDE 'org.apache.hadoop.hive.serde2.openCSVSerde' WITH SERDEPROPERTIES ( 'separatorChar' = ',' ,'quoteChar' = '""' ,'escapeChar' = '\\' ) STORED AS TEXTFILE LOCATION 's3://bucket-ebac-dfurukawa/'",2023-05-24T09:41:17.343-03:00,FAILED,403 ms,0 MB,Athena engine version 3,
f9a16a79-8b86-4805-a1ea-93bd02119439,"CREATE EXTERNAL TABLE clientes ( id BIGINT, idade BIGINT, sexo STRING, dependentes BIGINT, escolaridade STRING, tipo_cartao STRING, limite_credito DOUBLE, valor_transacoes_12m DOUBLE, qtd_transacoes_12m BIGINT ) ROW FORMAT SERDE 'org.apache.hadoop.hive.serde2.openCSVSerde' WITH SERDEPROPERTIES ( 'separatorChar' = ';' ,'quoteChar' = '""' ,'escapeChar' = '\\' ) STORED AS TEXTFILE LOCATION 's3://bucket-ebac-dfurukawa/'",2023-05-24T09:39:25.053-03:00,FAILED,374 ms,0 MB,Athena engine version 3,
5a348de2-4b78-438f-897e-e76c9a508c5e,"CREATE EXTERNAL TABLE clientes ( id BIGINT, idade BIGINT, sexo STRING, dependentes BIGINT, escolaridade STRING, tipo_cartao STRING, limite_credito DOUBLE, valor_transacoes_12m DOUBLE, qtd_transacoes_12m BIGINT ) ROW FORMAT SERDE 'org.apache.hadoop.hive.serde2.openCSVSerde' WITH SERDEPROPERTIES ( 'separatorChar' = ',' ,'quoteChar' = '""' ,'escapeChar' = '\\' ) STORED AS TEXTFILE LOCATION 's3://bucket-ebac-dfurukawa/'",2023-05-24T09:39:13.381-03:00,FAILED,408 ms,0 MB,Athena engine version 3,
c8846cf0-d6f9-49c5-81a3-0adc4b6103d2,"CREATE EXTERNAL TABLE if not exists clientes ( id BIGINT, idade BIGINT, sexo STRING, dependentes BIGINT, escolaridade STRING, tipo_cartao STRING, limite_credito DOUBLE, valor_transacoes_12m DOUBLE, qtd_transacoes_12m BIGINT ) ROW FORMAT SERDE 'org.apache.hadoop.hive.serde2.openCSVSerde' WITH SERDEPROPERTIES ( 'separatorChar' = ';', 'quoteChar' = '""', 'escapeChar' = '\\') STORED AS TEXTFILE LOCATION 's3://bucket-ebac-dfurukawa/'",2023-05-24T09:35:15.807-03:00,FAILED,367 ms,0 MB,Athena engine version 3,
d217b439-7e38-4a2a-87f7-73e816547a3a,"CREATE EXTERNAL TABLE customer_new ( id BIGINT, idade BIGINT, sexo STRING, dependentes BIGINT, escolaridade STRING, tipo_cartao STRING, limite_credito DOUBLE, valor_transacoes_12m DOUBLE, qtd_transacoes_12m BIGINT)
ROW FORMAT SERDE 'org.apache.hadoop.hive.serde2.openCSVSerde'
WITH SERDEPROPERTIES ( 'separatorChar' = ',', 'quoteChar' = '""', 'escapeChar' = '\\')
STORED AS TEXTFILE
LOCATION 's3://bucket-ebac-dfurukawa/'",2023-05-23T10:49:37.579-03:00,FAILED,422 ms,0 MB,Athena engine version 3,
174fd102-6e03-4fbc-95fa-f0e33fbb2d10,"CREATE EXTERNAL TABLE if not exists clientes ( id BIGINT, idade BIGINT, sexo STRING, dependentes BIGINT, escolaridade STRING, tipo_cartao STRING, limite_credito DOUBLE, valor_transacoes_12m DOUBLE, qtd_transacoes_12m BIGINT ) /*ROW FORMAT SERDE 'org.apache.hadoop.hive.serde2.openCSVSerde' WITH SERDEPROPERTIES ( 'separatorChar' = ',', 'quoteChar' = '""', 'escapeChar' = '\\') STORED AS TEXTFILE)*/ LOCATION 's3://bucket-ebac-dfurukawa/'",2023-05-23T10:37:37.032-03:00,SUCCEEDED,308 ms,0 MB,Athena engine version 3,
7f534a0c-b5ce-4f8a-a786-9e46158fda62,"CREATE EXTERNAL TABLE clientes ( id BIGINT, idade BIGINT, sexo STRING, dependentes BIGINT, escolaridade STRING, tipo_cartao STRING, limite_credito DOUBLE, valor_transacoes_12m DOUBLE, qtd_transacoes_12m BIGINT ) /*ROW FORMAT SERDE 'org.apache.hadoop.hive.serde2.openCSVSerde' WITH SERDEPROPERTIES ( 'separatorChar' = ',', 'quoteChar' = '""', 'escapeChar' = '\\') STORED AS TEXTFILE)*/ LOCATION 's3://bucket-ebac-dfurukawa/'",2023-05-23T10:36:53.029-03:00,FAILED,348 ms,0 MB,Athena engine version 3,
77f83c0a-fe17-4d47-b782-5d85bd2dcaac,"CREATE EXTERNAL TABLE clientes ( id BIGINT, idade BIGINT, sexo STRING, dependentes BIGINT, escolaridade STRING, tipo_cartao STRING, limite_credito DOUBLE, valor_transacoes_12m DOUBLE, qtd_transacoes_12m BIGINT ) ROW FORMAT SERDE 'org.apache.hadoop.hive.serde2.openCSVSerde' WITH SERDEPROPERTIES ( 'separatorChar' = ',', 'quoteChar' = '""', 'escapeChar' = '\\' ) STORED AS TEXTFILE LOCATION 's3://bucket-ebac-dfurukawa/'",2023-05-23T10:27:34.619-03:00,FAILED,396 ms,0 MB,Athena engine version 3,
b19df272-bd3a-4108-9ea3-e505ada7af35,"CREATE EXTERNAL TABLE clientes ( id BIGINT, idade BIGINT, sexo STRING, dependentes BIGINT, escolaridade STRING, tipo_cartao STRING, limite_credito DOUBLE, valor_transacoes_12m DOUBLE, qtd_transacoes_12m BIGINT ) ROW FORMAT SERDE 'org.apache.hadoop.hive.serde2.openCSVSerde' WITH SERDEPROPERTIES ('separatorChar' = ',','escapeChar' = '\\') STORED AS TEXTFILE LOCATION 's3://bucket-ebac-dfurukawa/'",2023-05-23T10:20:51.663-03:00,FAILED,446 ms,0 MB,Athena engine version 3,
1213fcb3-eae8-491a-9209-82ddbd2d41e1,"CREATE EXTERNAL TABLE clientes ( id BIGINT, idade BIGINT, sexo STRING, dependentes BIGINT, escolaridade STRING, tipo_cartao STRING, limite_credito DOUBLE, valor_transacoes_12m DOUBLE, qtd_transacoes_12m BIGINT ) ROW FORMAT SERDE 'org.apache.hadoop.hive.serde2.openCSVSerde' WITH SERDEPROPERTIES ('separatorChar' = ',', 'quoteChar' = '""', 'escapeChar' = '\\') STORED AS TEXTFILE LOCATION 's3://bucket-ebac-dfurukawa/'",2023-05-23T10:18:47.300-03:00,FAILED,453 ms,0 MB,Athena engine version 3,
20d0962e-90cc-4d19-b7ee-f1b0a2c2ab24,DROP TABLE customer,2023-05-23T10:13:08.324-03:00,SUCCEEDED,605 ms,0 MB,Athena engine version 3,
e047286d-a32f-4bb2-b99f-4e9659310e17,SHOW CREATE TABLE `customer`,2023-05-23T10:11:01.203-03:00,SUCCEEDED,643 ms,0 MB,Athena engine version 3,
0fd00bb0-c2dc-4130-832b-39b3fc7b165f,"INSERT INTO customer VALUES (768805383, 45, 'M', 3, 'ensino medio', 'blue', 12691.51, 1144.90, 42)
--INSERT INTO customer VALUES (818770008, 49, 'F', 5, 'mestrado', 'blue', 8256.96, 1291.45, 33)
--INSERT INTO customer VALUES (713982108, 51, 'M', 3, 'mestrado', 'blue', 3418.56, 1887.72, 20)",2023-05-23T10:09:43.389-03:00,FAILED,760 ms,0 MB,Athena engine version 3,
b5d1e259-c733-458d-b7e9-19d0a0a004ea,"CREATE EXTERNAL TABLE IF NOT EXISTS customer( id BIGINT, idade BIGINT, sexo STRING, dependentes BIGINT, escolaridade STRING, tipo_cartao STRING, limite_credito DOUBLE, valor_transacoes_12m DOUBLE, qtd_transacoes_12m BIGINT)
LOCATION 's3://table-data-location/'",2023-05-23T10:08:36.174-03:00,SUCCEEDED,780 ms,0 MB,Athena engine version 3,
5b6a362c-c730-4481-8f5e-4e92ab4b260f,"CREATE EXTERNAL TABLE IF NOT EXISTS customer( id BIGINT, idade BIGINT, sexo STRING, dependentes BIGINT, escolaridade STRING, tipo_cartao STRING, limite_credito DOUBLE, valor_transacoes_12m DOUBLE, qtd_transacoes_12m BIGINT)
ROW FORMAT SERDE 'org.apache.hadoop.hive.serde2.openCSVSerde'
WITH SERDEPROPERTIES ( 'separatorChar' = ',', 'quoteChar' = '""', 'escapeChar' = '\\' )
STORED AS TEXTFILE
LOCATION 's3://bucket-ebac-dfurukawa/'",2023-05-23T10:07:14.264-03:00,FAILED,462 ms,0 MB,Athena engine version 3,
572f62c6-d14a-4bbc-a325-6786712f8c97,"CREATE EXTERNAL TABLE IF NOT EXISTS customer( id BIGINT, idade BIGINT, sexo STRING, dependentes BIGINT, escolaridade STRING, tipo_cartao STRING, limite_credito DOUBLE, valor_transacoes_12m DOUBLE, qtd_transacoes_12m BIGINT)
ROW FORMAT SERDE 'org.apache.hadoop.hive.serde2.openCSVSerde'
WITH SERDEPROPERTIES ( 'separatorChar' = ',', 'quoteChar' = '""', 'escapeChar' = '\\' )
STORED AS TEXTFILE
LOCATION 's3://bucket-ebac-dfurukawa/'",2023-05-23T10:06:11.502-03:00,FAILED,1.026 sec,0 MB,Athena engine version 3,
f79b8b1d-fcc3-4949-ba85-5b77a3f7ddc1,"CREATE EXTERNAL TABLE IF NOT EXISTS customer( id BIGINT, idade BIGINT, sexo STRING, dependentes BIGINT, escolaridade STRING, tipo_cartao STRING, limite_credito DOUBLE, valor_transacoes_12m DOUBLE, qtd_transacoes_12m BIGINT)
ROW FORMAT SERDE 'org.apache.hadoop.hive.serde2.openCSVSerde'
WITH SERDEPROPERTIES ( 'separatorChar' = ',', 'quoteChar' = '""', 'escapeChar' = '\\' )
STORED AS TEXTFILE
LOCATION 's3://bucket-ebac-dfurukawa/'",2023-05-23T10:05:52.590-03:00,FAILED,445 ms,0 MB,Athena engine version 3,
938f266e-d51c-4e1b-acfa-7684dacc3ff9,"CREATE EXTERNAL TABLE IF NOT EXISTS clientes( id BIGINT, idade BIGINT, sexo STRING, dependentes BIGINT, escolaridade STRING, tipo_cartao STRING, limite_credito DOUBLE, valor_transacoes_12m DOUBLE, qtd_transacoes_12m BIGINT)
ROW FORMAT SERDE 'org.apache.hadoop.hive.serde2.openCSVSerde'
WITH SERDEPROPERTIES ( 'separatorChar' = ',', 'quoteChar' = '""', 'escapeChar' = '\\' )
STORED AS TEXTFILE
LOCATION 's3://bucket-ebac-dfurukawa/'",2023-05-23T10:04:53.020-03:00,SUCCEEDED,941 ms,0 MB,Athena engine version 3,
f3cbcbd0-87fd-496b-9fe7-4e495458d6d0,"CREATE EXTERNAL TABLE clientes( id BIGINT, idade BIGINT, sexo STRING, dependentes BIGINT, escolaridade STRING, tipo_cartao STRING, limite_credito DOUBLE, valor_transacoes_12m DOUBLE, qtd_transacoes_12m BIGINT ) LOCATION 's3://bucket-ebac-dfurukawa/'",2023-05-23T10:03:46.190-03:00,FAILED,518 ms,0 MB,Athena engine version 3,
c329dcf9-0394-46ca-ad89-788a707ccfa6,"CREATE EXTERNAL TABLE clientes( id BIGINT, idade BIGINT, sexo STRING, dependentes BIGINT, escolaridade STRING, tipo_cartao STRING, limite_credito DOUBLE, valor_transacoes_12m DOUBLE, qtd_transacoes_12m BIGINT ) ROW FORMAT SERDE 'org.apache.hadoop.hive.serde2.openCSVSerde' WITH SERDEPROPERTIES ( 'separatorChar' = ',', 'quoteChar' = '""', 'escapeChar' = '\\' ) STORED AS TEXTFILE LOCATION 's3://bucket-ebac-dfurukawa/'",2023-05-23T10:03:19.120-03:00,FAILED,441 ms,0 MB,Athena engine version 3,
7664af81-d00c-4894-9059-f86c49b2a0bb,"CREATE EXTERNAL TABLE clientes_( id BIGINT, idade BIGINT, sexo STRING, dependentes BIGINT, escolaridade STRING, tipo_cartao STRING, limite_credito DOUBLE, valor_transacoes_12m DOUBLE, qtd_transacoes_12m BIGINT ) ROW FORMAT SERDE 'org.apache.hadoop.hive.serde2.openCSVSerde' WITH SERDEPROPERTIES ( 'separatorChar' = ',', 'quoteChar' = '""', 'escapeChar' = '\\' ) STORED AS TEXTFILE LOCATION 's3://bucket-ebac-dfurukawa/'",2023-05-23T09:55:38.345-03:00,FAILED,414 ms,0 MB,Athena engine version 3,
8b74627c-4da4-4041-91a2-bbd52d046cce,"CREATE EXTERNAL TABLE clientes ( id BIGINT, idade BIGINT, sexo STRING, dependentes BIGINT, escolaridade STRING, tipo_cartao STRING, limite_credito DOUBLE, valor_transacoes_12m DOUBLE, qtd_transacoes_12m BIGINT ) ROW FORMAT SERDE 'org.apache.hadoop.hive.serde2.openCSVSerde' WITH SERDEPROPERTIES ( 'separatorChar' = ',', 'quoteChar' = '""', 'escapeChar' = '\\' ) STORED AS TEXTFILE LOCATION 's3://bucket-ebac-dfurukawa/'",2023-05-23T09:50:34.321-03:00,FAILED,459 ms,0 MB,Athena engine version 3,
e40ee7a8-6967-4c4b-a016-65e7cedfc2fb,"CREATE EXTERNAL TABLE IF NOT EXISTS clientes ( id BIGINT, idade BIGINT, sexo STRING, dependentes BIGINT, escolaridade STRING, tipo_cartao STRING, limite_credito DOUBLE, valor_transacoes_12m DOUBLE, qtd_transacoes_12m BIGINT) LOCATION 's3://bucket-ebac-dfurukawa/'",2023-05-23T09:33:26.349-03:00,SUCCEEDED,343 ms,0 MB,Athena engine version 3,
5407e7ef-8f7a-4486-be3f-68112882b9d8,"CREATE EXTERNAL TABLE IF NOT EXISTS clientes ( id BIGINT, idade BIGINT, sexo STRING, dependentes BIGINT, escolaridade STRING, tipo_cartao STRING, limite_credito DOUBLE, valor_transacoes_12m DOUBLE, qtd_transacoes_12m BIGINT) --ROW FORMAT SERDE 'org.apache.hadoop.hive.serde2.openCSVSerde' --WITH SERDEPROPERTIES ('separatorChar' = ',', 'quoteChar' = '""', 'escapeChar' = '\\') --STORED AS TEXTFILE LOCATION 's3://bucket-ebac-dfurukawa/'",2023-05-23T09:33:06.683-03:00,SUCCEEDED,453 ms,0 MB,Athena engine version 3,
0dc6b80a-cc29-4998-b138-bc468ee24147,DROP TABLE `new_table_name`,2023-05-23T09:32:41.813-03:00,SUCCEEDED,521 ms,0 MB,Athena engine version 3,
f55a116a-d70c-4855-92c6-e4a9e03aa777,"CREATE EXTERNAL TABLE IF NOT EXISTS clientes ( id BIGINT, idade BIGINT, sexo STRING, dependentes BIGINT, escolaridade STRING, tipo_cartao STRING, limite_credito DOUBLE, valor_transacoes_12m DOUBLE, qtd_transacoes_12m BIGINT) --ROW FORMAT SERDE 'org.apache.hadoop.hive.serde2.openCSVSerde' --WITH SERDEPROPERTIES ('separatorChar' = ',', 'quoteChar' = '""', 'escapeChar' = '\\') STORED AS TEXTFILE LOCATION 's3://bucket-ebac-dfurukawa/'",2023-05-23T09:31:40.074-03:00,SUCCEEDED,444 ms,0 MB,Athena engine version 3,
6709678b-87d0-4fee-be64-e4eb95501c9b,"CREATE EXTERNAL TABLE IF NOT EXISTS clientes ( id BIGINT, idade BIGINT, sexo STRING, dependentes BIGINT, escolaridade STRING, tipo_cartao STRING, limite_credito DOUBLE, valor_transacoes_12m DOUBLE, qtd_transacoes_12m BIGINT) ROW FORMAT SERDE 'org.apache.hadoop.hive.serde2.openCSVSerde' WITH SERDEPROPERTIES ('separatorChar' = ',', 'quoteChar' = '""', 'escapeChar' = '\\') STORED AS TEXTFILE LOCATION 's3://bucket-ebac-dfurukawa/'",2023-05-23T09:30:43.876-03:00,FAILED,573 ms,0 MB,Athena engine version 3,
13ab330e-4532-4f58-aaea-c9c4059a9185,"CREATE EXTERNAL TABLE IF NOT EXISTS new_table_name( id BIGINT, idade BIGINT, sexo STRING, dependentes BIGINT, escolaridade STRING, tipo_cartao STRING, limite_credito DOUBLE, valor_transacoes_12m DOUBLE, qtd_transacoes_12m BIGINT)
LOCATION 's3://bucket-ebac-dfurukawa/'",2023-05-23T09:29:33.213-03:00,SUCCEEDED,380 ms,0 MB,Athena engine version 3,
7069e28b-fc12-42cc-9b99-bbfad79ea96a,"CREATE EXTERNAL TABLE IF NOT EXISTS clientes ( id BIGINT, idade BIGINT, sexo STRING, dependentes BIGINT, escolaridade STRING, tipo_cartao STRING, limite_credito DOUBLE, valor_transacoes_12m DOUBLE, qtd_transacoes_12m BIGINT) ROW FORMAT SERDE 'org.apache.hadoop.hive.serde2.openCSVSerde' WITH SERDEPROPERTIES ('separatorChar' = ',', 'quoteChar' = '""', 'escapeChar' = '\\') STORED AS TEXTFILE LOCATION 's3://bucket-ebac-dfurukawa/'",2023-05-23T09:28:55.127-03:00,FAILED,490 ms,0 MB,Athena engine version 3,
80b48905-9f4d-4d91-8954-2980694f65ff,"CREATE EXTERNAL TABLE clientes ( id BIGINT, idade BIGINT, sexo STRING, dependentes BIGINT, escolaridade STRING, tipo_cartao STRING, limite_credito DOUBLE, valor_transacoes_12m DOUBLE, qtd_transacoes_12m BIGINT ) ROW FORMAT SERDE 'org.apache.hadoop.hive.serde2.openCSVSerde' WITH SERDEPROPERTIES ('separatorChar' = ',', 'quoteChar' = '""', 'escapeChar' = '\\') STORED AS TEXTFILE LOCATION 's3://bucket-ebac-dfurukawa/'",2023-05-23T09:26:47.778-03:00,FAILED,427 ms,0 MB,Athena engine version 3,
7449b0c7-45ef-427f-a1a8-ffee8f32d584,"CREATE EXTERNAL TABLE clientes ( id BIGINT, idade BIGINT, sexo STRING, dependentes BIGINT, escolaridade STRING, tipo_cartao STRING, limite_credito DOUBLE, valor_transacoes_12m DOUBLE, qtd_transacoes_12m BIGINT ) ROW FORMAT SERDE 'org.apache.hadoop.hive.serde2.openCSVSerde' WITH SERDEPROPERTIES ('separatorChar' = ',', 'quoteChar' = '""', 'escapeChar' = '\\') STORED AS TEXTFILE LOCATION 's3://bucket-ebac-dfurukawa/'",2023-05-23T09:25:58.711-03:00,FAILED,255 ms,0 MB,Athena engine version 3,
